"","OTUID","mean_abundance","sd_abundance"
"1","g__Acremonium",0.000588923034988199,0.00184610521623709
"2","g__Acrophialophora",9.7203755914632e-05,0.000558393065330395
"3","g__Akanthomyces",0,0
"4","g__Alternaria",0.0309532962755356,0.121628083361113
"5","g__Apiotrichum",0.00205154300861211,0.00549260342975452
"6","g__Aspergillus",0.0178601688102134,0.0327870190854654
"7","g__Aureobasidium",0.032725214167315,0.0720791656824137
"8","g__Bisifusarium",3.69407382625319e-05,0.000206086249822312
"9","g__Bjerkandera",1.27703954964306e-05,5.45147616809242e-05
"10","g__Botryotrichum",0,0
"11","g__Bullera",9.09457799895424e-05,0.00026533547754097
"12","g__Cadophora",0.000101271721875041,0.000454791682352894
"13","g__Candida",0.0253535919235408,0.103367423269522
"14","g__Capnodiales_gen_Incertae_sedis",8.92308081262497e-06,5.12591967282456e-05
"15","g__Cephaloascus",0.00204785605284864,0.00796724533647287
"16","g__Ceratocystidaceae_gen_Incertae_sedis",0.000183418683561469,0.000792527067614599
"17","g__Chaetomium",0.000667328233512675,0.00162921649392718
"18","g__Chaetothyriales_gen_Incertae_sedis",0,0
"19","g__Chordomyces",0.057480227088711,0.200601308330962
"20","g__Citeromyces",0,0
"21","g__Cladosporium",0.0300646945607868,0.0569590902300525
"22","g__Clavispora",9.53819627332663e-05,0.000301075305653675
"23","g__Cleistothelebolus",1.3946813577206e-05,5.85166140090998e-05
"24","g__Clonostachys",2.87210200199635e-05,0.000164989698777153
"25","g__Coniochaeta",0.00302018857261384,0.0063459925527525
"26","g__Coniosporium",0.000688419704410817,0.00347379934734006
"27","g__Coniothyrium",0.000874779275686165,0.00351532532514434
"28","g__Cosmospora",2.01898734488884e-05,0.000115981992852814
"29","g__Cryptococcus",0.00405037878632301,0.015741215895557
"30","g__Curvibasidium",0.00091690426459342,0.00303762149325925
"31","g__Curvularia",6.52593640195293e-06,3.74886504883416e-05
"32","g__Cutaneotrichosporon",0.000426075869825661,0.00177300276234782
"33","g__Cyberlindnera",0.000753738031955586,0.00286447799952853
"34","g__Cyphellophora",0.0018716391835496,0.00931364654192512
"35","g__Cystobasidium",0.00796885948063559,0.0257599362097442
"36","g__Cystofilobasidiaceae_gen_Incertae_sedis",1.92107103519163e-05,7.69611462890329e-05
"37","g__Cystofilobasidium",0.0186305551151246,0.0622019126566744
"38","g__Cytospora",0.000168851125048254,0.000944532804611111
"39","g__Debaryomyces",0.000394049155213195,0.000979272734897402
"40","g__Dictyosporiaceae_gen_Incertae_sedis",0,0
"41","g__Didymella",0.0290703060998835,0.11303440008166
"42","g__Dioszegia",0.000285967777196099,0.00128231019354752
"43","g__Diplodia",0.00018087776302611,0.00103906364106915
"44","g__Dipodascus",1.29000506839329e-05,5.62483298229531e-05
"45","g__Diutina",7.37592878252878e-05,0.000341045173316136
"46","g__Effuseotrichosporon",1.81280383347584e-06,1.04137651872863e-05
"47","g__Eucasphaeria",0.000691665498321894,0.00370111852769718
"48","g__Exophiala",0.0315866646828702,0.104389917180163
"49","g__Filobasidium",0.0112060711805121,0.0203438379109189
"50","g__Fomitopsis",0,0
"51","g__Fungi_gen_Incertae_sedis",0.014698266216775,0.0700857001606727
"52","g__Fusarium",0.0942321644362087,0.225922861189307
"53","g__Fusicolla",0.00440183002334919,0.0228933480487967
"54","g__Galactomyces",0,0
"55","g__Geotrichum",0.00736804480858843,0.0187571252434412
"56","g__Gibberella",0,0
"57","g__Gibellulopsis",8.70984149532099e-05,0.000500342301112879
"58","g__Hannaella",0,0
"59","g__Hanseniaspora",1.75854940776452e-05,0.000101020972399357
"60","g__Hormonema",9.33494172793619e-05,0.000368467199983524
"61","g__Huntiella",0,0
"62","g__Hyphopichia",0.000221360866623586,0.000962907174200338
"63","g__Inopinatum",8.5712351064076e-06,4.92379970269645e-05
"64","g__Iodophanus",3.91471984897509e-05,0.000157229992670469
"65","g__Irpex",1.21195961750554e-05,6.96217794783487e-05
"66","g__Issatchenkia",0.000248803177585765,0.000831968575701978
"67","g__Kazachstania",0.000876448411438662,0.00472723109600422
"68","g__Kluyveromyces",0.000440390588355459,0.00190376310366048
"69","g__Knufia",0.000589603772967649,0.00268473389070817
"70","g__Kurtzmaniella",0.000141107545198308,0.000674315789090182
"71","g__Kwoniella",4.66138314425209e-06,2.67776074916726e-05
"72","g__Lasiobolidium",0.00145030787067869,0.0048779802622799
"73","g__Lecanicillium",0,0
"74","g__Leptographium",0,0
"75","g__Leucosporidium",0.00114281589070215,0.00368425645807925
"76","g__Malassezia",0.00143728287900207,0.00579903261040685
"77","g__Meyerozyma",0.000503349731100997,0.00250692645050467
"78","g__Microascus",0,0
"79","g__Mortierella",0.000258249164054586,0.00106171125749808
"80","g__Mrakia",0.0018355794697378,0.00390059982192836
"81","g__Mucor",0.0204444431452598,0.0459669748657915
"82","g__Naganishia",0.0358666482024638,0.0719548411444741
"83","g__Nakazawaea",0,0
"84","g__Neoascochyta",0.000541689050005571,0.00147908518693236
"85","g__Neocucurbitaria",0.000583492622499003,0.00171751699301588
"86","g__Neophaeotheca",0,0
"87","g__Neopyrenochaeta",0.000588697682754471,0.0033620451343981
"88","g__Neosetophoma",0.000725456284789823,0.00259274580723633
"89","g__Nigrospora",0.000127990038145693,0.000359765123898587
"90","g__Oidiodendron",4.66128029832194e-05,0.000267770166867838
"91","g__Ophiostoma",0.00111824768507139,0.00279328684436886
"92","g__Orbilia",0,0
"93","g__Paecilomyces",0.000353967034020761,0.000895621094786296
"94","g__Papiliotrema",0.00207065218537098,0.00702599814314975
"95","g__Paraphoma",0.00775389168467583,0.029209566579324
"96","g__Parapyrenochaeta",9.15254602367253e-05,0.000471809127415565
"97","g__Penicillium",0.0540523655643669,0.15418955503904
"98","g__Periconia",7.45821303080335e-06,4.28441719866761e-05
"99","g__Petriella",8.29524012742874e-05,0.00027722864416455
"100","g__Phaeococcomyces",0.000170195282311295,0.000513488556071857
"101","g__Phaeoisaria",5.57918294990457e-05,0.000194934112101455
"102","g__Phanerochaete",5.86412334241214e-06,2.38268952580665e-05
"103","g__Phialemonium",0,0
"104","g__Pichia",0.000417553967734477,0.00088278894963761
"105","g__Piskurozyma",0.00506168429834452,0.0091045625173623
"106","g__Plectosphaerella",0.00153762566305436,0.00813309849923427
"107","g__Pleurostoma",0,0
"108","g__Preussia",6.27335320281399e-05,0.00019374926637955
"109","g__Proceropycnis",0,0
"110","g__Pseudogymnoascus",0.000201313616227811,0.000861788612451858
"111","g__Pseudopithomyces",0.000255640094994241,0.000702284254834296
"112","g__Pseudotremella",6.87784078471271e-05,0.000364146423048662
"113","g__Pyrenochaetopsis",5.77601912332155e-05,0.000281552339932701
"114","g__Ramularia",0.000215877554134165,0.000716587929567353
"115","g__Rhizopus",0.0150522868954241,0.0294355699674073
"116","g__Rhodosporidiobolus",0.0146628706678503,0.0325431166466095
"117","g__Rhodotorula",0.0142923344609278,0.0269216623110998
"118","g__Rozellomycota_gen_Incertae_sedis",1.02030408211901e-05,4.1854451550506e-05
"119","g__Sarocladium",0.0327328053789935,0.166153971894458
"120","g__Scopulariopsis",0.000145949659167036,0.000565183643244577
"121","g__Sistotrema",0.00039118308147289,0.00197051626023371
"122","g__Spermospora",0.000718142905115998,0.00257990732594741
"123","g__Spissiomyces",0.000299526380273429,0.00129422379332176
"124","g__Spizellomycetales_gen_Incertae_sedis",0.000382534914639665,0.00204669829468779
"125","g__Sporidiobolus",0.0036300908253314,0.00768430070918697
"126","g__Sporobolomyces",0.000117223705494366,0.000582628009822941
"127","g__Stachybotrys",0.000459467568081933,0.00191350230202148
"128","g__Stagonosporopsis",0,0
"129","g__Starmerella",0.000148979846114877,0.000785322911089501
"130","g__Symmetrospora",0.0289307924911394,0.102925546281869
"131","g__Syncephalastrum",0.000120948082966949,0.000384374266908894
"132","g__Talaromyces",0.00125027777986296,0.00361901243255446
"133","g__Tausonia",0.00396960424034193,0.00990529822707082
"134","g__Tetracladium",0.000309084716088288,0.00173312748967604
"135","g__Thielaviopsis",0.000342284412908337,0.00152768082281164
"136","g__Torula",5.42833362606421e-05,0.000243800435752369
"137","g__Trametes",0.000401670375946802,0.00145221371376727
"138","g__Tremellales_gen_Incertae_sedis",0,0
"139","g__Tricellula",0.00058623139641252,0.00234443116679098
"140","g__Trichoderma",0.0279278354163334,0.0699297538088331
"141","g__Trichomerium",1.86455325770084e-05,0.00010711042996669
"142","g__Trichosporon",0.00119370491671678,0.00204999515013971
"143","g__Uwebraunia",0,0
"144","g__Verrucaria",0.00259471865606976,0.0111735967031772
"145","g__Vishniacozyma",0.0295977614612325,0.077254416791258
"146","g__Wallemia",0.0012187204998208,0.00569096327553461
"147","g__Wickerhamiella",0.00385369789164509,0.02124025185806
"148","g__Wickerhamomyces",0.00170859645319184,0.00763827358035766
"149","g__Yarrowia",0.205750717835691,0.390992875805292
"150","g__Zalaria",0.000765991325120299,0.0019656345103539
